generation,best_element_fitness,population_fitness_std,time_to_run_generation
1,-14.840000000000003,4.487229618862846,20.613481760025024
2,-14.740000000000004,4.484661122715964,21.353832960128784
3,-14.890000000000002,4.485964790053528,21.19749426841736
